Workbook

Sheet Dashboard
B2: Quality Dashboard — Door Panel Sub-assembly Line
B3: FMEA + SPC monitoring, built to demonstrate an APQP-style quality-control workflow · synthetic demonstration data
B5: Key Metrics
B6: Total inspections logged | E6: =COUNTA(Raw_Defect_Log!A5:A304) -> 300
B7: Total defects logged | E7: =COUNTA(Raw_Defect_Log!D5:D304) -> 300
B8: Top failure mode | E8: =INDEX(Defect_Pareto!A5:A9,MATCH(MAX(Defect_Pareto!B5:B9),Defect_Pareto!B5:B9,0)) -> Weld porosity (spot weld)
B9: Highest RPN (FMEA) | E9: =MAX(FMEA!I5:I9) -> 240
B10: Process Cpk (weld diameter, USL/LSL = 6.00 mm ± 0.50 mm) | E10: =MIN(6.5-Raw_SPC_Data!B37,Raw_SPC_Data!B37-5.5)/(3*(Raw_SPC_Data!B38/2.326)) -> 1.3234817
B12: See FMEA tab for full risk table, SPC_Charts tab for control charts, Defect_Pareto tab for ranked failure modes.

Sheet Raw_SPC_Data
A1: Weld Nugget Diameter — Subgroup Measurements (mm)
A2: Door-panel spot weld, BIW Line 2 · target 6.00 mm · n=5 samples per shift subgroup · synthetic data for demonstration
A4: Subgroup | B4: Sample1 | C4: Sample2 | D4: Sample3 | E4: Sample4 | F4: Sample5 | G4: Xbar (mean) | H4: R (range)
A5: 1 | B5: 6.046 | C5: 5.844 | D5: 6.113 | E5: 6.141 | F5: 5.707 | G5: =AVERAGE(B5:F5) -> 5.9702 | H5: =MAX(B5:F5)-MIN(B5:F5) -> 0.434
A6: 2 | B6: 5.805 | C6: 6.019 | D6: 5.953 | E6: 5.997 | F6: 5.872 | G6: =AVERAGE(B6:F6) -> 5.9292 | H6: =MAX(B6:F6)-MIN(B6:F6) -> 0.214
A7: 3 | B7: 6.132 | C7: 6.117 | D7: 6.01 | E7: 6.169 | F7: 6.07 | G7: =AVERAGE(B7:F7) -> 6.0996 | H7: =MAX(B7:F7)-MIN(B7:F7) -> 0.159
A8: 4 | B8: 5.871 | C8: 6.055 | D8: 5.856 | E8: 6.132 | F8: 5.993 | G8: =AVERAGE(B8:F8) -> 5.9814 | H8: =MAX(B8:F8)-MIN(B8:F8) -> 0.276
A9: 5 | B9: 5.972 | C9: 5.898 | D9: 6.183 | E9: 5.977 | F9: 5.936 | G9: =AVERAGE(B9:F9) -> 5.9932 | H9: =MAX(B9:F9)-MIN(B9:F9) -> 0.285
A10: 6 | B10: 5.947 | C10: 6.08 | D10: 6.055 | E10: 6.062 | F10: 6.065 | G10: =AVERAGE(B10:F10) -> 6.0418 | H10: =MAX(B10:F10)-MIN(B10:F10) -> 0.133
A11: 7 | B11: 6.321 | C11: 5.939 | D11: 5.923 | E11: 5.878 | F11: 6.092 | G11: =AVERAGE(B11:F11) -> 6.0306 | H11: =MAX(B11:F11)-MIN(B11:F11) -> 0.443
A12: 8 | B12: 6.169 | C12: 5.983 | D12: 5.874 | E12: 5.876 | F12: 6.098 | G12: =AVERAGE(B12:F12) -> 6 | H12: =MAX(B12:F12)-MIN(B12:F12) -> 0.295
A13: 9 | B13: 6.111 | C13: 6.081 | D13: 5.9 | E13: 6.035 | F13: 6.018 | G13: =AVERAGE(B13:F13) -> 6.029 | H13: =MAX(B13:F13)-MIN(B13:F13) -> 0.211
A14: 10 | B14: 6.033 | C14: 6.131 | D14: 6.034 | E14: 6.102 | F14: 6.01 | G14: =AVERAGE(B14:F14) -> 6.062 | H14: =MAX(B14:F14)-MIN(B14:F14) -> 0.121
A15: 11 | B15: 6.043 | C15: 6.095 | D15: 5.781 | E15: 5.952 | F15: 5.929 | G15: =AVERAGE(B15:F15) -> 5.96 | H15: =MAX(B15:F15)-MIN(B15:F15) -> 0.314
A16: 12 | B16: 5.904 | C16: 5.959 | D16: 6.224 | E16: 5.87 | F16: 6.145 | G16: =AVERAGE(B16:F16) -> 6.0204 | H16: =MAX(B16:F16)-MIN(B16:F16) -> 0.354
... A29: 25 | B29: 5.966 | C29: 6.147 | D29: 6.153 | E29: 6.324 | F29: 6.245 | G29: =AVERAGE(B29:F29) -> 6.167 | H29: =MAX(B29:F29)-MIN(B29:F29) -> 0.358
A32: SPC constants (n=5, from standard control-chart factor tables):
A33: A2 | B33: 0.577 | C33: D3 | D33: 0
A34: D4 | B34: 2.114
A36: Control limit calculations
A37: Xbar-bar (grand mean) | B37: =AVERAGE(G5:G29) -> 6.026824
A38: Rbar (mean range) | B38: =AVERAGE(H5:H29) -> 0.2772
A39: UCL (Xbar chart) | B39: =B37+B33*B38 -> 6.1867684
A40: LCL (Xbar chart) | B40: =B37-B33*B38 -> 5.8668796
A41: CL (Xbar chart) | B41: =B37 -> 6.026824
A42: UCL (R chart) | B42: =D34*B38 -> 0
A43: LCL (R chart) | B43: =D33*B38 -> 0
A44: CL (R chart) | B44: =B38 -> 0.2772

Sheet SPC_Charts
A1: Control Charts — Weld Nugget Diameter
A2: X-bar chart (subgroup means) and R chart (subgroup ranges) with 3-sigma control limits
A4: Subgroup | B4: Xbar | C4: R | D4: UCL_X | E4: CL_X | F4: LCL_X | G4: UCL_R | H4: LCL_R
A5: =Raw_SPC_Data!A5 -> 1 | B5: =Raw_SPC_Data!G5 -> 5.9702 | C5: =Raw_SPC_Data!H5 -> 0.434 | D5: =Raw_SPC_Data!$B$39 -> 6.1867684 | E5: =Raw_SPC_Data!$B$41 -> 6.026824 | F5: =Raw_SPC_Data!$B$40 -> 5.8668796 | G5: =Raw_SPC_Data!$B$42 -> 0 | H5: =Raw_SPC_Data!$B$43 -> 0
A6: =Raw_SPC_Data!A6 -> 2 | B6: =Raw_SPC_Data!G6 -> 5.9292 | C6: =Raw_SPC_Data!H6 -> 0.214 | D6: =Raw_SPC_Data!$B$39 -> 6.1867684 | E6: =Raw_SPC_Data!$B$41 -> 6.026824 | F6: =Raw_SPC_Data!$B$40 -> 5.8668796 | G6: =Raw_SPC_Data!$B$42 -> 0 | H6: =Raw_SPC_Data!$B$43 -> 0
A7: =Raw_SPC_Data!A7 -> 3 | B7: =Raw_SPC_Data!G7 -> 6.0996 | C7: =Raw_SPC_Data!H7 -> 0.159 | D7: =Raw_SPC_Data!$B$39 -> 6.1867684 | E7: =Raw_SPC_Data!$B$41 -> 6.026824 | F7: =Raw_SPC_Data!$B$40 -> 5.8668796 | G7: =Raw_SPC_Data!$B$42 -> 0 | H7: =Raw_SPC_Data!$B$43 -> 0
A8: =Raw_SPC_Data!A8 -> 4 | B8: =Raw_SPC_Data!G8 -> 5.9814 | C8: =Raw_SPC_Data!H8 -> 0.276 | D8: =Raw_SPC_Data!$B$39 -> 6.1867684 | E8: =Raw_SPC_Data!$B$41 -> 6.026824 | F8: =Raw_SPC_Data!$B$40 -> 5.8668796 | G8: =Raw_SPC_Data!$B$42 -> 0 | H8: =Raw_SPC_Data!$B$43 -> 0
A9: =Raw_SPC_Data!A9 -> 5 | B9: =Raw_SPC_Data!G9 -> 5.9932 | C9: =Raw_SPC_Data!H9 -> 0.285 | D9: =Raw_SPC_Data!$B$39 -> 6.1867684 | E9: =Raw_SPC_Data!$B$41 -> 6.026824 | F9: =Raw_SPC_Data!$B$40 -> 5.8668796 | G9: =Raw_SPC_Data!$B$42 -> 0 | H9: =Raw_SPC_Data!$B$43 -> 0
A10: =Raw_SPC_Data!A10 -> 6 | B10: =Raw_SPC_Data!G10 -> 6.0418 | C10: =Raw_SPC_Data!H10 -> 0.133 | D10: =Raw_SPC_Data!$B$39 -> 6.1867684 | E10: =Raw_SPC_Data!$B$41 -> 6.026824 | F10: =Raw_SPC_Data!$B$40 -> 5.8668796 | G10: =Raw_SPC_Data!$B$42 -> 0 | H10: =Raw_SPC_Data!$B$43 -> 0
A11: =Raw_SPC_Data!A11 -> 7 | B11: =Raw_SPC_Data!G11 -> 6.0306 | C11: =Raw_SPC_Data!H11 -> 0.443 | D11: =Raw_SPC_Data!$B$39 -> 6.1867684 | E11: =Raw_SPC_Data!$B$41 -> 6.026824 | F11: =Raw_SPC_Data!$B$40 -> 5.8668796 | G11: =Raw_SPC_Data!$B$42 -> 0 | H11: =Raw_SPC_Data!$B$43 -> 0
A12: =Raw_SPC_Data!A12 -> 8 | B12: =Raw_SPC_Data!G12 -> 6 | C12: =Raw_SPC_Data!H12 -> 0.295 | D12: =Raw_SPC_Data!$B$39 -> 6.1867684 | E12: =Raw_SPC_Data!$B$41 -> 6.026824 | F12: =Raw_SPC_Data!$B$40 -> 5.8668796 | G12: =Raw_SPC_Data!$B$42 -> 0 | H12: =Raw_SPC_Data!$B$43 -> 0
A13: =Raw_SPC_Data!A13 -> 9 | B13: =Raw_SPC_Data!G13 -> 6.029 | C13: =Raw_SPC_Data!H13 -> 0.211 | D13: =Raw_SPC_Data!$B$39 -> 6.1867684 | E13: =Raw_SPC_Data!$B$41 -> 6.026824 | F13: =Raw_SPC_Data!$B$40 -> 5.8668796 | G13: =Raw_SPC_Data!$B$42 -> 0 | H13: =Raw_SPC_Data!$B$43 -> 0
A14: =Raw_SPC_Data!A14 -> 10 | B14: =Raw_SPC_Data!G14 -> 6.062 | C14: =Raw_SPC_Data!H14 -> 0.121 | D14: =Raw_SPC_Data!$B$39 -> 6.1867684 | E14: =Raw_SPC_Data!$B$41 -> 6.026824 | F14: =Raw_SPC_Data!$B$40 -> 5.8668796 | G14: =Raw_SPC_Data!$B$42 -> 0 | H14: =Raw_SPC_Data!$B$43 -> 0
A15: =Raw_SPC_Data!A15 -> 11 | B15: =Raw_SPC_Data!G15 -> 5.96 | C15: =Raw_SPC_Data!H15 -> 0.314 | D15: =Raw_SPC_Data!$B$39 -> 6.1867684 | E15: =Raw_SPC_Data!$B$41 -> 6.026824 | F15: =Raw_SPC_Data!$B$40 -> 5.8668796 | G15: =Raw_SPC_Data!$B$42 -> 0 | H15: =Raw_SPC_Data!$B$43 -> 0
A16: =Raw_SPC_Data!A16 -> 12 | B16: =Raw_SPC_Data!G16 -> 6.0204 | C16: =Raw_SPC_Data!H16 -> 0.354 | D16: =Raw_SPC_Data!$B$39 -> 6.1867684 | E16: =Raw_SPC_Data!$B$41 -> 6.026824 | F16: =Raw_SPC_Data!$B$40 -> 5.8668796 | G16: =Raw_SPC_Data!$B$42 -> 0 | H16: =Raw_SPC_Data!$B$43 -> 0
... A29: =Raw_SPC_Data!A29 -> 25 | B29: =Raw_SPC_Data!G29 -> 6.167 | C29: =Raw_SPC_Data!H29 -> 0.358 | D29: =Raw_SPC_Data!$B$39 -> 6.1867684 | E29: =Raw_SPC_Data!$B$41 -> 6.026824 | F29: =Raw_SPC_Data!$B$40 -> 5.8668796 | G29: =Raw_SPC_Data!$B$42 -> 0 | H29: =Raw_SPC_Data!$B$43 -> 0

Sheet Raw_Defect_Log
A1: Inspection Defect Log — Door Panel Sub-assembly
A2: 300 inspection records, Aug–Sep 2026, synthetic data for demonstration
A4: Record_ID | B4: Date | C4: Station | D4: Failure_Mode
A5: 1 | B5: 2026-09-10 | C5: BIW Line 2 | D5: Weld porosity (spot weld)
A6: 2 | B6: 2026-09-17 | C6: BIW Line 2 | D6: Panel dimensional deviation
A7: 3 | B7: 2026-09-29 | C7: Paint Shop A | D7: Fastener under-torque
A8: 4 | B8: 2026-09-06 | C8: Paint Shop A | D8: Weld porosity (spot weld)
A9: 5 | B9: 2026-08-10 | C9: Final Assembly | D9: Weld porosity (spot weld)
A10: 6 | B10: 2026-08-29 | C10: Final Assembly | D10: Panel dimensional deviation
A11: 7 | B11: 2026-08-17 | C11: Paint Shop A | D11: Weld porosity (spot weld)
A12: 8 | B12: 2026-08-27 | C12: Final Assembly | D12: Panel dimensional deviation
A13: 9 | B13: 2026-09-02 | C13: Paint Shop A | D13: Panel dimensional deviation
A14: 10 | B14: 2026-09-27 | C14: BIW Line 2 | D14: Weld porosity (spot weld)
A15: 11 | B15: 2026-09-20 | C15: Paint Shop A | D15: Panel dimensional deviation
A16: 12 | B16: 2026-08-22 | C16: Final Assembly | D16: Weld porosity (spot weld)
... A304: 300 | B304: 2026-08-04 | C304: BIW Line 2 | D304: Weld porosity (spot weld)

Sheet Defect_Pareto
A1: Pareto Analysis — Failure Mode Frequency
A2: Counted from the inspection defect log; ranked to identify the vital-few failure modes
A4: Failure Mode | B4: Count | C4: Percent of Total | D4: Cumulative %
A5: Weld porosity (spot weld) | B5: =COUNTIF(Raw_Defect_Log!$D$5:$D$304,A5) -> 104 | C5: =B5/SUM($B$5:$B$9) -> 0.34666667 | D5: =C5 -> 0.34666667
A6: Panel dimensional deviation | B6: =COUNTIF(Raw_Defect_Log!$D$5:$D$304,A6) -> 92 | C6: =B6/SUM($B$5:$B$9) -> 0.30666667 | D6: =D5+C6 -> 0.65333333
A7: Paint film thickness deviation | B7: =COUNTIF(Raw_Defect_Log!$D$5:$D$304,A7) -> 46 | C7: =B7/SUM($B$5:$B$9) -> 0.15333333 | D7: =D6+C7 -> 0.80666667
A8: Fastener under-torque | B8: =COUNTIF(Raw_Defect_Log!$D$5:$D$304,A8) -> 38 | C8: =B8/SUM($B$5:$B$9) -> 0.12666667 | D8: =D7+C8 -> 0.93333333
A9: Surface scratch / dent | B9: =COUNTIF(Raw_Defect_Log!$D$5:$D$304,A9) -> 20 | C9: =B9/SUM($B$5:$B$9) -> 0.066666667 | D9: =D8+C9 -> 1

Sheet FMEA
A1: Process FMEA — Door Panel Sub-assembly (Top 5 Failure Modes)
A2: Severity, Occurrence and Detection rated 1(low)-10(high) per standard AIAG FMEA practice; RPN = S x O x D
A4: Process Step | B4: Failure Mode | C4: Potential Effect | D4: Severity (S) | E4: Potential Cause | F4: Occurrence (O) | G4: Current Control | H4: Detection (D) | I4: RPN | J4: Recommended Action
A5: Spot welding (BIW Line 2) | B5: Weld porosity (spot weld) | C5: Weak weld joint, risk of panel separation | D5: 8 | E5: Fluctuating electrode pressure / surface contamination | F5: 6 | G5: Periodic visual + peel-test sampling | H5: 5 | I5: =D5*F5*H5 -> 240 | J5: Add inline weld-current monitoring; tighten electrode maintenance schedule
A6: Panel stamping | B6: Panel dimensional deviation | C6: Poor panel fit-up at assembly, rework needed | D6: 7 | E6: Die wear over production run | F6: 5 | G6: First-off inspection each shift | H6: 4 | I6: =D6*F6*H6 -> 140 | J6: Move to statistical (SPC) monitoring of key dimension instead of first-off only
A7: Paint shop A | B7: Paint film thickness deviation | C7: Corrosion risk / inconsistent finish appearance | D7: 5 | E7: Spray-gun distance/speed variation | F7: 4 | G7: Random thickness gauge checks | H7: 5 | I7: =D7*F7*H7 -> 100 | J7: Standardize spray parameters; increase gauge-check frequency
A8: Final assembly | B8: Fastener under-torque | C8: Loose panel attachment, NVH/rattle risk | D8: 6 | E8: Torque tool calibration drift | F8: 3 | G8: Torque wrench calibration monthly | H8: 3 | I8: =D8*F8*H8 -> 54 | J8: Shift to error-proofed (poka-yoke) torque tools with pass/fail signal
A9: Final assembly | B9: Surface scratch / dent | C9: Cosmetic defect, customer-visible | D9: 4 | E9: Handling damage during transfer | F9: 3 | G9: Final visual inspection | H9: 3 | I9: =D9*F9*H9 -> 36 | J9: Add protective handling fixtures at transfer point
